{
    "ComponentIconsSize": 0.5,
    "ComponentIconsSpacing": 0.0,
    "ComponentIconsOffset": 15,
    "HierarchyTreeColor": {
        "r": 1.0,
        "g": 1.0,
        "b": 1.0,
        "a": 1.0
    },
    "TagColor": {
        "r": 0.9874213337898254,
        "g": 0.9874213337898254,
        "b": 0.9874213337898254,
        "a": 1.0
    },
    "TagTextAnchor": 0,
    "TagFontStyle": 0,
    "TagFontSize": 7,
    "LayerColor": {
        "r": 0.5,
        "g": 0.5,
        "b": 0.5,
        "a": 1.0
    },
    "LayerTextAnchor": 3,
    "LayerFontStyle": 3,
    "LayerFontSize": 10,
    "TagLayerOffset": 5,
    "TagLayerSpacing": 5,
    "HierarchyLineThickness": 1,
    "HierarchyLineColor": {
        "r": 0.19215688109397889,
        "g": 0.19215688109397889,
        "b": 0.19215688109397889,
        "a": 0.501960813999176
    },
    "LockColor": {
        "r": 1.0,
        "g": 1.0,
        "b": 1.0,
        "a": 1.0
    },
    "LockTextAnchor": 4,
    "LockFontStyle": 3,
    "LockFontSize": 11
}